{
    "title": "Google Maps Compatible for the World",
    "identifier": "WebMercatorQuad",
    "width": 256,
    "height": 256,
    "extent": {
        "xmin": -20037508.3427892480,
        "ymin": -20037508.3427892480,
        "xmax": 20037508.3427892480,
        "ymax": 20037508.3427892480
    },
    "srid": 3857,
    "units": "meters",
    "cell_sizes": [
                156543.0339280410,
                78271.5169640205,
                39135.75848201025,
                19567.879241005125,
                9783.939620502562,
                4891.969810251281,
                2445.9849051256406,
                1222.9924525628203,
                611.4962262814101,
                305.7481131407051,
                152.87405657035254,
                76.43702828517627,
                38.218514142588134,
                19.109257071294067,
                9.554628535647034,
                4.777314267823517,
                2.3886571339117584,
                1.1943285669558792,
                0.5971642834779396,
                0.2985821417389698,
                0.1492910708694849,
                0.07464553543474245,
                0.037322767717371225
            ],
    "origin": "top_left"
}
