{
    "title": "CRS84 for the World",
    "identifier": "WorldCRS84Quad",
    "width": 256,
    "height": 256,
    "extent": {
        "xmin": -180.0, 
        "ymin": -90.0,
        "xmax": 180.0, 
        "ymax": 90.0
        },
    "srid": 4326,
    "units": "deegrees",
    "cell_sizes": [
                0.703125000000000,
                0.351562500000000,
                0.175781250000000,
                8.78906250000000e-2,
                4.39453125000000e-2,
                2.19726562500000e-2,
                1.09863281250000e-2,
                5.49316406250000e-3,
                2.74658203125000e-3,
                1.37329101562500e-3,
                6.86645507812500e-4,
                3.43322753906250e-4,
                1.71661376953125e-4,
                8.58306884765625e-5,
                4.29153442382812e-5,
                2.14576721191406e-5,
                1.07288360595703e-5,
                5.36441802978516e-6
            ],
    "origin": "top_left"
}